nombre,email,telefono,te_necesitamos,innovar,como_lo_harias,por-que,archivo,_submitted_,_fromaddress_
"Mauro Barrionuevo",adrian.gomez@prueba.com,123,"Donec placerat. Nullam nibh dolor, blandit sed, fermentum id, imperdiet sit amet, neque. Nam mollis ultrices justo. Sed tempor. Sed vitae tellus. Etiam sem arcu, eleifend sit amet, gravida eget, porta at, wisi. Nam non lacus vitae ipsum viverra pretium. Phasellus massa. Fusce magna sem, gravida in, feugiat ac, molestie eget, wisi. Fusce consectetuer luctus ipsum. Vestibulum nunc. Suspendisse dignissim adipiscing libero. Integer leo. Sed pharetra ligula a dui. Quisque ipsum nibh, ullamcorper eget, pulvinar sed, posuere vitae, nulla. Sed varius nibh ut lacus. Curabitur fringilla. Nunc est ipsum, pretium quis, dapibus sed, varius non, lectus. Proin a quam. Praesent lacinia, eros quis aliquam porttitor, urna lacus volutpat urna, ut fermentum neque mi egestas dolor.","Donec placerat. Nullam nibh dolor, blandit sed, fermentum id, imperdiet sit amet, neque. Nam mollis ultrices justo. Sed tempor. Sed vitae tellus. Etiam sem arcu, eleifend sit amet, gravida eget, porta at, wisi. Nam non lacus vitae ipsum viverra pretium. Phasellus massa. Fusce magna sem, gravida in, feugiat ac, molestie eget, wisi. Fusce consectetuer luctus ipsum. Vestibulum nunc. Suspendisse dignissim adipiscing libero. Integer leo. Sed pharetra ligula a dui. Quisque ipsum nibh, ullamcorper eget, pulvinar sed, posuere vitae, nulla. Sed varius nibh ut lacus. Curabitur fringilla. Nunc est ipsum, pretium quis, dapibus sed, varius non, lectus. Proin a quam. Praesent lacinia, eros quis aliquam porttitor, urna lacus volutpat urna, ut fermentum neque mi egestas dolor.","Donec placerat. Nullam nibh dolor, blandit sed, fermentum id, imperdiet sit amet, neque. Nam mollis ultrices justo. Sed tempor. Sed vitae tellus. Etiam sem arcu, eleifend sit amet, gravida eget, porta at, wisi. Nam non lacus vitae ipsum viverra pretium. Phasellus massa. Fusce magna sem, gravida in, feugiat ac, molestie eget, wisi. Fusce consectetuer luctus ipsum. Vestibulum nunc. Suspendisse dignissim adipiscing libero. Integer leo. Sed pharetra ligula a dui. Quisque ipsum nibh, ullamcorper eget, pulvinar sed, posuere vitae, nulla. Sed varius nibh ut lacus. Curabitur fringilla. Nunc est ipsum, pretium quis, dapibus sed, varius non, lectus. Proin a quam. Praesent lacinia, eros quis aliquam porttitor, urna lacus volutpat urna, ut fermentum neque mi egestas dolor.","Donec placerat. Nullam nibh dolor, blandit sed, fermentum id, imperdiet sit amet, neque. Nam mollis ultrices justo. Sed tempor. Sed vitae tellus. Etiam sem arcu, eleifend sit amet, gravida eget, porta at, wisi. Nam non lacus vitae ipsum viverra pretium. Phasellus massa. Fusce magna sem, gravida in, feugiat ac, molestie eget, wisi. Fusce consectetuer luctus ipsum. Vestibulum nunc. Suspendisse dignissim adipiscing libero. Integer leo. Sed pharetra ligula a dui. Quisque ipsum nibh, ullamcorper eget, pulvinar sed, posuere vitae, nulla. Sed varius nibh ut lacus. Curabitur fringilla. Nunc est ipsum, pretium quis, dapibus sed, varius non, lectus. Proin a quam. Praesent lacinia, eros quis aliquam porttitor, urna lacus volutpat urna, ut fermentum neque mi egestas dolor.",docu.txt,"2015-10-08 00:50:14",::1,
Mauro,mauroeloy_03@hotmail.com,4374140,"Nulla dui purus, eleifend vel, consequat non, dictum porta, nulla. Duis ante mi, laoreet ut, commodo eleifend, cursus nec, lorem. Aenean eu est. Etiam imperdiet turpis. Praesent nec augue. Curabitur ligula quam, rutrum id, tempor sed, consequat ac, dui. Vestibulum accumsan eros nec magna. Vestibulum vitae dui. Vestibulum nec ligula et lorem consequat ullamcorper. Class aptent taciti sociosqu ad litora torquent per conubia nostra, per inceptos hymenaeos. Phasellus eget nisl ut elit porta ullamcorper. Maecenas tincidunt velit quis orci. Sed in dui. Nullam ut mauris eu mi mollis luctus. Class aptent taciti sociosqu ad litora torquent per conubia nostra, per inceptos hymenaeos. Sed cursus cursus velit. Sed a massa. Duis dignissim euismod quam. Nullam euismod metus ut orci. Vestibulum erat libero, scelerisque et, porttitor et, varius a, leo.","Nulla dui purus, eleifend vel, consequat non, dictum porta, nulla. Duis ante mi, laoreet ut, commodo eleifend, cursus nec, lorem. Aenean eu est. Etiam imperdiet turpis. Praesent nec augue. Curabitur ligula quam, rutrum id, tempor sed, consequat ac, dui. Vestibulum accumsan eros nec magna. Vestibulum vitae dui. Vestibulum nec ligula et lorem consequat ullamcorper. Class aptent taciti sociosqu ad litora torquent per conubia nostra, per inceptos hymenaeos. Phasellus eget nisl ut elit porta ullamcorper. Maecenas tincidunt velit quis orci. Sed in dui. Nullam ut mauris eu mi mollis luctus. Class aptent taciti sociosqu ad litora torquent per conubia nostra, per inceptos hymenaeos. Sed cursus cursus velit. Sed a massa. Duis dignissim euismod quam. Nullam euismod metus ut orci. Vestibulum erat libero, scelerisque et, porttitor et, varius a, leo.","Nulla dui purus, eleifend vel, consequat non, dictum porta, nulla. Duis ante mi, laoreet ut, commodo eleifend, cursus nec, lorem. Aenean eu est. Etiam imperdiet turpis. Praesent nec augue. Curabitur ligula quam, rutrum id, tempor sed, consequat ac, dui. Vestibulum accumsan eros nec magna. Vestibulum vitae dui. Vestibulum nec ligula et lorem consequat ullamcorper. Class aptent taciti sociosqu ad litora torquent per conubia nostra, per inceptos hymenaeos. Phasellus eget nisl ut elit porta ullamcorper. Maecenas tincidunt velit quis orci. Sed in dui. Nullam ut mauris eu mi mollis luctus. Class aptent taciti sociosqu ad litora torquent per conubia nostra, per inceptos hymenaeos. Sed cursus cursus velit. Sed a massa. Duis dignissim euismod quam. Nullam euismod metus ut orci. Vestibulum erat libero, scelerisque et, porttitor et, varius a, leo.","Nulla dui purus, eleifend vel, consequat non, dictum porta, nulla. Duis ante mi, laoreet ut, commodo eleifend, cursus nec, lorem. Aenean eu est. Etiam imperdiet turpis. Praesent nec augue. Curabitur ligula quam, rutrum id, tempor sed, consequat ac, dui. Vestibulum accumsan eros nec magna. Vestibulum vitae dui. Vestibulum nec ligula et lorem consequat ullamcorper. Class aptent taciti sociosqu ad litora torquent per conubia nostra, per inceptos hymenaeos. Phasellus eget nisl ut elit porta ullamcorper. Maecenas tincidunt velit quis orci. Sed in dui. Nullam ut mauris eu mi mollis luctus. Class aptent taciti sociosqu ad litora torquent per conubia nostra, per inceptos hymenaeos. Sed cursus cursus velit. Sed a massa. Duis dignissim euismod quam. Nullam euismod metus ut orci. Vestibulum erat libero, scelerisque et, porttitor et, varius a, leo.","Cronograma REDES Expo Metalmec√°nica.doc","2015-10-08 09:50:46",::1,
"Luis Alberto Videla",luisvid@gmail.com,92616130227,Pruea,Prueba,Prueba,Prueba,,"2018-06-27 15:53:21",::1,
"Luis Alberto Videla",luisvid@gmail.com,92616130227,"Esto es una prueba","Esto es una prueba","Esto es una prueba","Esto es una prueba",,"2018-06-27 15:54:43",::1,
"Luis Alberto Videla",luisvid@gmail.com,92616130227,"Otra prueba a donde llega?","Otra prueba a donde llega?","Otra prueba a donde llega?","Otra prueba a donde llega?",,"2018-06-27 15:57:27",::1,
"Luis Alberto Videla",luisvid@gmail.com,92616130227,http://eggeducacion.com/,http://eggeducacion.com/,http://eggeducacion.com/,http://eggeducacion.com/,,"2018-06-27 16:05:40",::1,
"Luis Alberto Videla",luisvid@gmail.com,92616130227,http://eggeducacion.com/,http://eggeducacion.com/,http://eggeducacion.com/,http://eggeducacion.com/,"Google Desing Sprint.txt","2018-06-27 16:06:10",::1,
"Luis Alberto Videla",luisvid@gmail.com,92616130227,"img_top3.jpg
img_top2.jpg
img_top1.jpg
img_top.jpg","img_top3.jpg
img_top2.jpg
img_top1.jpg
img_top.jpg","img_top3.jpg
img_top2.jpg
img_top1.jpg
img_top.jpg","img_top3.jpg
img_top2.jpg
img_top1.jpg
img_top.jpg","Google Desing Sprint_96toe2.txt","2018-06-27 16:20:06",::1,
"Luis Alberto Videla",luisvid@gmail.com,92616130227,"img_top3.jpg
img_top2.jpg
img_top1.jpg
img_top.jpg","img_top3.jpg
img_top2.jpg
img_top1.jpg
img_top.jpg","img_top3.jpg
img_top2.jpg
img_top1.jpg
img_top.jpg","img_top3.jpg
img_top2.jpg
img_top1.jpg
img_top.jpg",,"2018-06-27 16:22:11",::1,
